무인교통단속카메라관리번호,시도명,시군구명,도로종류,도로노선번호,도로노선명,도로노선방향,소재지도로명주소,소재지지번주소,위도,경도,설치장소,단속구분,제한속도,단속구간위치구분,과속단속구간길이,보호구역구분,설치연도,관리기관명,관리기관전화번호,데이터기준일자
F7520,경기도,수원시,시도,,권선로,2,경기도 수원시 권선구 경수대로 374,경기도 수원시 권선구 권선동 961,37.25965805,127.0241676,권선사거리(영통->수원역),2,50,,,,2014,경기도남부경찰청,031-888-3952,2023-08-01
F8034,경기도,수원시,시도,,광교중앙로,1,,경기도 수원시 영통구 원천동 620-14,37.27841504,127.051829,법원지하차도입구(광교→매탄동),1,50,,,,2014,경기도남부경찰청,031-888-3952,2023-08-01
F8194,경기도,수원시,시도,,광교로,2,경기도 수원시 장안구 수성로 356,경기도 수원시 영통구 이의동 1226-2,37.29296949,127.0108988,광교로삼거리 광교해모로아파트 입구(동수원IC→성복동),2,40,,,,2015,경기도남부경찰청,031-888-3952,2023-08-01
F8206,경기도,수원시,일반국도,43번,봉영로,1,경기도 수원시 영통구 봉영로1482번길 7-1,,37.24537135,127.0659806,(병점->영통역),2,50,,,,2015,경기도남부경찰청,031-888-3952,2023-08-01
F8293,경기도,수원시,시도,,수성로,2,,경기도 수원시 장안구 영화동 447-1,37.29296653,127.0108978,수성중사거리(종합운동장→장안문),2,50,,,,2015,경기도남부경찰청,031-888-3952,2023-08-01
F8294,경기도,수원시,시도,,서수원로,1,경기도 수원시 권선구 금호로 115,경기도 수원시 권선구 오목천동 709-1,37.27340225,126.9625977,(경기도 장애인복지관→고색교),2,50,,,,2015,경기도남부경찰청,031-888-3952,2023-08-01
F8297,경기도,수원시,시도,,덕영대로,2,경기도 수원시 권선구 수인로 210,경기도 수원시 장안구 율전동 529,37.27824906,126.9781397,샘터삼거리(월암IC→화서역),2,50,,,,2015,경기도남부경찰청,031-888-3952,2023-08-01
F8859,경기도,수원시,시도,,금호로,2,,경기도 수원시 권선구 구운동 597,37.27340433,126.9625977,(탑동지하차도→호매실동),1,50,,,,2016,경기도남부경찰청,031-888-3952,2023-08-01
F8862,경기도,수원시,일반국도,42번,수인로,1,경기도 수원시 장안구 경수대로 823,경기도 수원시 권선구 구운동 467,37.29476661,127.0163538,웃거리사거리(수원역->서수원터미널),2,60,,,,2016,경기도남부경찰청,031-888-3952,2023-08-01
F8863,경기도,수원시,시도,,칠보로,1,,경기도 수원시 권선구 호매실동 1367,37.26609918,126.9568964,호매실동주민센터앞 어린이보호구역(호매실초교)(호매실GS(아)->칠보산),2,50,,,,2016,경기도남부경찰청,031-888-3952,2023-08-01
F8991,경기도,수원시,일반국도,1번,경수대로,1,,경기도 수원시 장안구 영화동 87,37.29476471,127.0163582,영화초교사거리(장안구청→경기도 수원시청),2,60,,,,2016,경기도남부경찰청,031-888-3952,2023-08-01
F8992,경기도,수원시,시도,,덕영대로,2,,경기도 수원시 장안구 율전동 185-2,37.30123545,126.9662253,율전중삼거리(성대역→월암IC),2,50,,,,2016,경기도남부경찰청,031-888-3952,2023-08-01
F9025,경기도,수원시,시도,,영통로,2,,경기도 수원시 영통구 망포동 398-1,37.24060615,127.0557267,태장초교 맞은편(반월동→망포역),1,50,,,,2016,경기도남부경찰청,031-888-3952,2023-08-01
F9031,경기도,수원시,시도,,영통로,1,,경기도 수원시 영통구 망포동 395-9,37.24111124,127.0553093,태장초교사거리 어린이보호구역(망포역→반월동),2,50,,,,2016,경기도남부경찰청,031-888-3952,2023-08-01
F9032,경기도,수원시,시도,,봉영로,2,,경기도 수원시 영통구 영통동 1053-1,37.26565416,127.0824404,황골사거리(청명역→흥덕IC),2,50,,,,2016,경기도남부경찰청,031-888-3952,2023-08-01
F9033,경기도,수원시,일반국도,43번,창룡대로,2,,경기도 수원시 영통구 이의동 1294-7,37.29591481,127.0558786,광교센트럴타운 입구삼거리(경기대학교→수지구청),2,60,,,,2016,경기도남부경찰청,031-888-3952,2023-08-01
F9034,경기도,수원시,일반국도,43번,창룡대로,1,,경기도 수원시 영통구 이의동 산13-79,37.29617852,127.0545433,광교센트럴타운 입구삼거리(수지구청→경기대학교),2,60,,,,2016,경기도남부경찰청,031-888-3952,2023-08-01
F9100,경기도,수원시,시도,,권선로,2,,경기도 수원시 영통구 신동 529-15,37.24851076,127.0462761,래미안아파트 201동 앞 교차로(매탄권선역->망포역),2,50,,,,2016,경기도남부경찰청,031-888-3952,2023-08-01
F9199,경기도,수원시,시도,,센트럴파크로,2,,경기도 수원시 영통구 이의동 1381-6,37.29235117,127.0577646,광교센트럴타운사거리 산의초교 어린이보호구역(호수공원→홍재교),2,30,,,,2016,경기도남부경찰청,031-888-3952,2023-08-01
F9200,경기도,수원시,시도,,센트럴파크로,2,,경기도 수원시 영통구 이의동 1381-6,37.29235117,127.0577646,광교센트럴타운사거리 산의초교 어린이보호구역(홍재교→호수공원),2,30,,,,2016,경기도남부경찰청,031-888-3952,2023-08-01
F9491,경기도,수원시,시도,,월드컵로,1,경기도 수원시 장안구 팔달로 256-2,경기도 수원시 팔달구 우만동 293-12,37.28860319,127.0132022,보은삼거리 우만초교 어린이보호구역(월드컵경기장→보훈지청),2,50,,,,2016,경기도남부경찰청,031-888-3952,2023-08-01
F9492,경기도,수원시,시도,,팔달로,1,,경기도 수원시 장안구 영화동 375-28,37.28572715,127.0078663,화서문교차로(장안문→수원역),2,50,,,,2016,경기도남부경찰청,031-888-3952,2023-08-01
F9493,경기도,수원시,시도,,팔달로,2,,경기도 수원시 장안구 영화동 349-7,37.2886043,127.0132049,수원메디움요양병원 건너편(화서문→장안문),2,50,,,,2016,경기도남부경찰청,031-888-3952,2023-08-01
F9494,경기도,수원시,시도,,서부로,1,경기도 수원시 권선구 오목천로 20,경기도 수원시 장안구 이목동 243-22,37.23987101,126.9646338,이목사거리(성균관대역→지지대교차로),2,60,,,,2016,경기도남부경찰청,031-888-3952,2023-08-01
F9495,경기도,수원시,시도,,권선로,2,,경기도 수원시 권선구 세류동 227-12,37.26355536,127.0080202,동립말사거리(수원역고가도로→권선동),2,60,,,,2016,경기도남부경찰청,031-888-3952,2023-08-01
F9496,경기도,수원시,시도,,오목천로,1,경기도 수원시 권선구 구운로85번길 22,경기도 수원시 권선구 오목천동 438-5,37.28139452,126.9718397,오목초등학교앞 어린이보호구역(수영오거리→오목초교),2,30,,,,2016,경기도남부경찰청,031-888-3952,2023-08-01
F9497,경기도,수원시,시도,,팔달로,1,,경기도 수원시 팔달구 고등동 169-2,37.27652759,127.0029132,수원여고앞(화서문→수원역),2,50,,,,2016,경기도남부경찰청,031-888-3952,2023-08-01
F9501,경기도,수원시,시도,,구운로85번길,1,,경기도 수원시 권선구 구운동 924-3,37.28139612,126.9718404,일월지하차도 입구(화서역→금곡동),2,50,,,,2016,경기도남부경찰청,031-888-3952,2023-08-01
F9871,경기도,수원시,일반국도,1번,경수대로,1,,경기도 수원시 권선구 곡반정동 402-9,37.23129526,127.0228047,비상활주로(병점→수원버스터미널),1,70,,,,2017,경기도남부경찰청,031-888-3952,2023-08-01
F9872,경기도,수원시,일반국도,42번,수인로,2,경기도 수원시 장안구 서부로 2359,경기도 수원시 권선구 입북동 672-23,37.31651953,126.9818929,서수원IC 부근(수원역→안산),1,70,,,,2017,경기도남부경찰청,031-888-3952,2023-08-01
F9885,경기도,수원시,시도,,월드컵로,2,경기도 수원시 장안구 경수대로1107번길 3,경기도 수원시 팔달구 우만동 산 77-8,37.31026364,126.9915276,유신고앞 삼거리(수원법원→월드컵경기장),2,50,,,,2017,경기도남부경찰청,031-888-3952,2023-08-01
F9936,경기도,수원시,시도,,서부로,1,경기도 수원시 장안구 송정로 45-1,경기도 수원시 장안구 이목동 259-1,37.29631544,127.0020251,이목사거리(북수원IC→성균관대역),2,60,,,,2017,경기도남부경찰청,031-888-3952,2023-08-01
F9937,경기도,수원시,일반국도,1번,경수대로,1,,경기도 수원시 장안구 파장동 557-16,37.31026363,126.9915225,국세청삼거리(의왕→장안구청),2,60,,,,2017,경기도남부경찰청,031-888-3952,2023-08-01
F9938,경기도,수원시,시도,,송정로,2,,경기도 수원시 장안구 송죽동 402-5,37.29630976,127.0020305,송정초교앞 어린이보호구역(종합운동장→중부경찰서),2,30,,,,2017,경기도남부경찰청,031-888-3952,2023-08-01
F9939,경기도,수원시,시도,,서수원로,2,,경기도 수원시 권선구 호매실동 9-4,37.27131754,126.9606815,두암골사거리(금곡TG→수원여자대학교),2,50,,,,2017,경기도남부경찰청,031-888-3952,2023-08-01
F9940,경기도,수원시,시도,,서수원로,1,,경기도 수원시 권선구 오목천동 9,37.25601972,126.965616,권선2사거리(오목천동→금곡TG),2,50,,,,2017,경기도남부경찰청,031-888-3952,2023-08-01
F9941,경기도,수원시,시도,,서부로,2,,경기도 수원시 권선구 고색동 362-3,37.24553557,126.9785036,산업단지사거리(기배동→권선구청),2,60,,,,2017,경기도남부경찰청,031-888-3952,2023-08-01
F9942,경기도,수원시,시도,,효원로,2,,경기도 수원시 팔달구 매교동 167-119,37.26553979,127.015531,매교역사거리(경기도 수원시청→경기도 청),2,50,,,,2017,경기도남부경찰청,031-888-3952,2023-08-01
F9943,경기도,수원시,시도,,덕영대로 1190번길,1,,경기도 수원시 권선구 권선동 1367-24,37.24506866,127.0216137,곡정고등학교앞 삼거리(수원골프연습장→버스터미널),2,30,,,,2017,경기도남부경찰청,031-888-3952,2023-08-01
F9972,경기도,수원시,시도,,덕영대로,1,,경기도 수원시 영통구 망포동 56-15,37.24510204,127.0449157,(수원터미널→경희대학교),1,50,,,,2017,경기도남부경찰청,031-888-3952,2023-08-01
F9973,경기도,수원시,일반국도,1번,경수대로,1,,경기도 수원시 권선구 권선동 1220,37.25005399,127.0187983,터미널사거리(병점→경기도 수원시청),1,60,,,,2017,경기도남부경찰청,031-888-3952,2023-08-01
F9978,경기도,수원시,시도,,동수원로,1,경기도 수원시 팔달구 중부대로 131,경기도 수원시 팔달구 인계동 1128,37.27843132,127.0304771,문화의전당사거리(법원→곡반정동),2,50,,,,2017,경기도남부경찰청,031-888-3952,2023-08-01
G0205,경기도,수원시,시도,,세화로,2,,경기도 수원시 권선구 서둔동 323-6,37.26443377,126.9948411,롯데몰삼거리(벌말교차로→서둔지하차도),2,50,,,,2017,경기도남부경찰청,031-888-3952,2023-08-01
G0885,경기도,수원시,일반국도,42번,중부대로,2,경기도 수원시 권선구 덕영대로1323번길 26-14,경기도 수원시 팔달구 지동 483-3,37.24687115,127.0362137,동수원사거리(수원지방법원→팔달문),2,50,,,,2018,경기도남부경찰청,031-888-3952,2023-08-01
G0886,경기도,수원시,시도,,곡선로,2,,경기도 수원시 권선구 권선동 1367-10,37.24022625,127.0256133,곡정초교앞 어린이보호구역(하고렴사거리->공군관사),2,30,,,,2018,경기도남부경찰청,031-888-3952,2023-08-01
G0887,경기도,수원시,시도,,덕영대로1323번길,1,경기도 수원시 영통구 봉영로1517번길 40,경기도 수원시 권선구 권선동 1322,37.24989846,127.0660942,곡반초교앞 어린이보호구역(명당초교->화홍중학교),2,30,,,,2018,경기도남부경찰청,031-888-3952,2023-08-01
G0888,경기도,수원시,시도,,월드컵로,2,,경기도 수원시 영통구 원천동 621-1,37.27384477,127.0566068,중앙기독초교앞 어린이보호구역(수원지방법원->영덕동),2,30,,,,2018,경기도남부경찰청,031-888-3952,2023-08-01
G0889,경기도,수원시,시도,,봉영로1517번길,2,,경기도 수원시 영통구 영통동 967-4,37.24989685,127.0660942,영동초교앞 어린이보호구역(살구골삼거리->삼성전자수원사업장),2,30,,,,2018,경기도남부경찰청,031-888-3952,2023-08-01
G0908,경기도,수원시,시도,,대학로,2,경기도 수원시 팔달구 월드컵로 377,경기도 수원시 영통구 이의동 1373-17,37.29069042,127.0297154,광교초교사거리 어린이보호구역(웰빙타운사거리->경기대역),2,30,,,,2018,경기도남부경찰청,031-888-3952,2023-08-01
G0909,경기도,수원시,시도,,웰빙타운로,2,,경기도 수원시 영통구 이의동 1373-3,37.30501587,127.0452491,광교중사거리 어린이보호구역(광교초교)(로제비앙아파트->광교로삼거리),2,30,,,,2018,경기도남부경찰청,031-888-3952,2023-08-01
G0910,경기도,수원시,시도,,월드컵로,1,경기도 수원시 장안구 덕영대로 559,경기도 수원시 팔달구 우만동 466-1,37.29495606,126.9821343,경기도 수원시평생학습관앞 어린이보호구역(우만초교)(수원북중->아주대학교),2,50,,,,2018,경기도남부경찰청,031-888-3952,2023-08-01
G0911,경기도,수원시,시도,,월드컵로,2,,경기도 수원시 팔달구 우만동 24-1,37.28225144,127.039413,효성초등학교앞 건너편 어린이보호구역(월드컵경기장->아주대학교),2,50,,,,2018,경기도남부경찰청,031-888-3952,2023-08-01
G0912,경기도,수원시,시도,,덕영대로,2,경기도 수원시 영통구 덕영대로 지하 1520,경기도 수원시 장안구 천천동 522,37.24568415,127.0573362,근로복지관삼거리(화서역->성균관대역),2,50,,,,2018,경기도남부경찰청,031-888-3952,2023-08-01
G0915,경기도,수원시,시도,,동탄원천로,2,,경기도 수원시 영통구 매탄동 1339,37.25481979,127.0449056,매현삼거리(매탄권선역->영통구청),2,50,,,,2018,경기도남부경찰청,031-888-3952,2023-08-01
G0916,경기도,수원시,시도,,덕영대로,2,,경기도 수원시 영통구 영통동 1069,37.24568415,127.0573362,외서천삼거리(망포역->경희대),2,50,,,,2018,경기도남부경찰청,031-888-3952,2023-08-01
G0917,경기도,수원시,시도,,권선로,2,경기도 수원시 팔달구 향교로 164,경기도 수원시 영통구 신동 503-53,37.27495041,127.0164371,래미안아파트 건너편 사거리(망포역->경기도 수원시청),2,50,,,,2018,경기도남부경찰청,031-888-3952,2023-08-01
G0992,경기도,수원시,시도,,서수원로,1,,경기도 수원시 권선구 오목천동 282-3,37.24684779,126.9674802,오목천교사거리 어린이보호구역(오현초교)(호매실동→오현초교),2,50,,,,2018,경기도남부경찰청,031-888-3952,2023-08-01
G0993,경기도,수원시,일반국도,42번,정조로,1,,경기도 수원시 팔달구 중동 22-1,37.27495242,127.0164286,중동사거리(화성행궁→매교동),2,50,,,,2018,경기도남부경찰청,031-888-3952,2023-08-01
G1122,경기도,수원시,시도,,금곡로,1,,경기도 수원시 권선구 금곡동 1156,37.27390603,126.9461485,수원칠보고등학교앞 교차로(서수원터미널->상촌중학교),2,50,,,,2018,경기도남부경찰청,031-888-3952,2023-08-01
G1123,경기도,수원시,시도,,덕영대로,2,,경기도 수원시 권선구 세류동 195-4,37.26171108,127.0038084,세평삼거리(아하유치원)어린이보호구역(세류중학교->수원역),2,50,,,,2018,경기도남부경찰청,031-888-3952,2023-08-01
G1124,경기도,수원시,시도,,칠보로,2,,경기도 수원시 권선구 호매실동 1429,37.26617228,126.9594248,행정복지센터앞 어린이보호구역(호매실초교)(호매실고교->LH호매실13단지),2,50,,,,2018,경기도남부경찰청,031-888-3952,2023-08-01
G1125,경기도,수원시,시도,,효원로,1,경기도 수원시 팔달구 경수대로 665,경기도 수원시 팔달구 매교동 253-26,37.28457006,127.027734,태장면고개(매교역->경기도 수원시청),2,50,,,,2018,경기도남부경찰청,031-888-3952,2023-08-01
G1147,경기도,수원시,시도,,동탄원천로,1,경기도 수원시 장안구 정자로42번길 17,경기도 수원시 권선구 곡반정동 88-10,37.30058446,126.982582,권선지하차도 지나 500m지점(영통구청→동탄1동),1,60,,,,2018,경기도남부경찰청,031-888-3952,2023-08-01
G1185,경기도,수원시,일반국도,1번,경수대로,1,경기도 수원시 팔달구 경수대로 477,경기도 수원시 팔달구 지동 472-14,37.26885647,127.0269138,못골사거리(장안구청->경기도 수원시청),2,60,,,,2018,경기도남부경찰청,031-888-3952,2023-08-01
G1186,경기도,수원시,시도,,천천로,2,경기도 수원시 영통구 인계로 212,경기도 수원시 장안구 천천동 512-1,37.26507124,127.0406401,천천초등학교사거리 어린이보호구역(이목동->동남보건대학교),2,30,,,,2018,경기도남부경찰청,031-888-3952,2023-08-01
G1422,경기도,수원시,시도,,인계로,1,,경기도 수원시 팔달구 인계동 967-2,37.26885629,127.0269117,인계사거리(삼성전기->팔달산),2,50,,,,2018,경기도남부경찰청,031-888-3952,2023-08-01
G1597,경기도,수원시,시도,,인계로,2,,경기도 수원시 영통구 매탄동 923-9,37.26507041,127.0406383,신매탄사거리(동수원우체국->삼성전기수원사업장),2,50,,,,2018,경기도남부경찰청,031-888-3952,2023-08-01
G1761,경기도,수원시,시도,,서수원로,2,,경기도 수원시 권선구 오목천동 698-2,37.23634013,126.9763754,수원권선 꿈에그린아파트 앞(고색교->수원여자대학교),2,50,,,,2018,경기도남부경찰청,031-888-3952,2023-08-01
G1841,경기도,수원시,시도,,동탄지성로,2,,경기도 수원시 영통구 망포동 71-12,37.24149191,127.0463957,힐스테이트영통아파트 101동 앞 어린이보호구역(망포초교)(망포고교->신동),2,40,,,,2018,경기도남부경찰청,031-888-3952,2023-08-01
G1945,경기도,수원시,시도,,영통로153번길,1,,경기도 수원시 영통구 망포동 47-4,37.24115877,127.0485594,망포초등학교 앞 어린이보호구역(아이파크캐슬->태장초교),2,30,,,,2018,경기도남부경찰청,031-888-3952,2023-08-01
G2280,경기도,수원시,시도,,광교호수공원로,1,,경기도 수원시 영통구 하동 1023-1,37.28091452,127.0658507,광교아이파크 107동 앞 어린이보호구역(매원초교)(매탄동->원천저수지),2,30,,,,2019,경기도남부경찰청,031-888-3952,2023-08-01
G2305,경기도,수원시,시도,,덕영대로,2,,경기도 수원시 영통구 망포동 58-30,37.2449116,127.0425318,래미안영통마크원1단지아파트 104동 앞(경희대학교->수원버스터미널),1,50,,,,2019,경기도남부경찰청,031-888-3952,2023-08-01
G2306,경기도,수원시,일반국도,1번,경수대로,1,,경기도 수원시 장안구 파장동 481-2,37.30832892,126.9969754,택시공제경기회관 맞은편(경기도 수원시청->의왕),1,60,,,,2019,경기도남부경찰청,031-888-3952,2023-08-01
G2331,경기도,수원시,시도,,칠보로,2,,경기도 수원시 권선구 호매실동 546-1,37.26745635,126.9426072,수원호매실칠보마을7단지아파트 702동 앞(행복지센터->경기도 건설본부),2,50,,,,2019,경기도남부경찰청,031-888-3952,2023-08-01
G2337,경기도,수원시,시도,,광교호수로,1,,경기도 수원시 영통구 원천동 626,37.27164786,127.0637574,매원초교삼거리(광교호수공원->매탄동),2,50,,,,2019,경기도남부경찰청,031-888-3952,2023-08-01
G2338,경기도,수원시,시도,,정자천로,2,,경기도 수원시 장안구 정자동 897,37.29485804,126.9948726,대유평사거리(일월저수지->수원중부경찰서),2,50,,,,2019,경기도남부경찰청,031-888-3952,2023-08-01
G2339,경기도,수원시,시도,,정조로,1,,경기도 수원시 팔달구 북수동 370-1,37.28194878,127.0167151,종로사거리(팔달문->장안문),2,50,,,,2019,경기도남부경찰청,031-888-3952,2023-08-01
G2340,경기도,수원시,시도,,수성로,1,,경기도 수원시 팔달구 화서동 703-6,37.28475772,126.9859028,꽃뫼사거리(화서역->서경기도 수원시외버스터미널),2,50,,,,2019,경기도남부경찰청,031-888-3952,2023-08-01
G2698,경기도,수원시,시도,,동탄지성로,1,,경기도 수원시 영통구 망포동 40-9,37.24110556,127.0463195,망포초교 앞 사거리 어린이보호구역(신동->망포고교),2,40,,,,2019,경기도남부경찰청,031-888-3952,2023-08-01
G2699,경기도,수원시,시도,,영통로153번길,1,,경기도 수원시 영통구 망포동 71-20,37.24149306,127.0461365,망포초교 앞 사거리 어린이보호구역(태장초교->영통아이파크캐슬),2,30,,,,2019,경기도남부경찰청,031-888-3952,2023-08-01
G2952,경기도,수원시,일반국도,42번,수인로,1,,경기도 수원시 권선구 서둔동 288-1,37.27000229,126.9967229,육교삼거리(서수원버스터미널->수원역),2,60,,,,2019,경기도남부경찰청,031-888-3952,2023-08-01
G3034,경기도,수원시,시도,,서부로,2,경기도 수원시 권선구 세류로 59-1,경기도 수원시 권선구 구운동 956-1,37.26469347,127.0079779,탑동지하차도 출구 지나 100m지점(권선구청->성균관대역),1,60,,,,2019,경기도남부경찰청,031-888-3952,2023-08-01
G3035,경기도,수원시,지방도,98번,매송고색로,1,,경기도 수원시 권선구 오목천동 365-3,37.24550581,126.9626377,오동나무삼거리(수원역->매송),2,50,,,,2019,경기도남부경찰청,031-888-3952,2023-08-01
G3036,경기도,수원시,시도,,세류로,1,경기도 수원시 영통구 매영로 103,경기도 수원시 권선구 세류동 230-91,37.26847708,127.0537706,LH수원센트럴타운 1단지 입구 세류초교 어린이보호구역 (세류,2,30,,,,2019,경기도남부경찰청,031-888-3952,2023-08-01
G3037,경기도,수원시,일반국도,42번,수인로,2,경기도 수원시 영통구 매영로 103,경기도 수원시 권선구 서둔동 246-11,37.26847708,127.0537706,농진청삼거리(서수원터미널->수원역),2,60,,,,2019,경기도남부경찰청,031-888-3952,2023-08-01
G3038,경기도,수원시,시도,,매영로,2,경기도 수원시 영통구 청명북로 42,경기도 수원시 영통구 매탄동 1212,37.25547143,127.0816557,원천초교 앞 어린이보호구역(산드레미사거리->산남중학교),2,30,,,,2019,경기도남부경찰청,031-888-3952,2023-08-01
G3039,경기도,수원시,시도,,매영로,2,경기도 수원시 영통구 청명남로4번길 2,경기도 수원시 영통구 매탄동 1212,37.25026783,127.0735253,원천초교 앞 어린이보호구역(산남중학교->산드레미사거리),2,30,,,,2019,경기도남부경찰청,031-888-3952,2023-08-01
G3040,경기도,수원시,시도,,청명북로,2,,경기도 수원시 영통구 영통동 1049-2,37.25544225,127.0816426,신성초교 정문 앞 어린이보호구역(청명역->경기지방중소벤처,2,30,,,,2019,경기도남부경찰청,031-888-3952,2023-08-01
G3041,경기도,수원시,시도,,매영로,1,,경기도 수원시 영통구 영통동 1000-8,37.25026633,127.0735299,영일중학교 앞(경희대->영통역),2,60,,,,2019,경기도남부경찰청,031-888-3952,2023-08-01
G3102,경기도,수원시,시도,,영통로200번길,2,경기도 수원시 영통구 광교호수공원로 205,경기도 수원시 영통구 영통동 1129-1,37.2796927,127.058864,사명의교회 앞 어린이보호구역(대선초교)(경희대->망포역),2,30,,,,2019,경기도남부경찰청,031-888-3952,2023-08-01
G3103,경기도,수원시,시도,,세권로,2,,경기도 수원시 권선구 세류동 525,37.25861525,127.0126633,신곡초교 후문 앞 어린이보호구역(농수산물도매시장->수원역),2,30,,,,2019,경기도남부경찰청,031-888-3952,2023-08-01
G3104,경기도,수원시,시도,,광교호수공원로,1,,경기도 수원시 영통구 원천동 589-1,37.2796927,127.0588354,광교호수초교 정문 앞 어린이보호구역(광교중앙역->수원남부서,2,30,,,,2019,경기도남부경찰청,031-888-3952,2023-08-01
G3233,경기도,수원시,시도,,권선로,2,,경기도 수원시 권선구 고색동 14-13,37.25991839,126.9898088,수원오토컬렉션 앞(경기도 수원시청->권선구청),2,60,,,,2019,경기도남부경찰청,031-888-3952,2023-08-01
G3234,경기도,수원시,시도,,권선로,2,,경기도 수원시 권선구 고색동 14-13,37.25991839,126.9898088,수원오토컬렉션 앞(권선구청->경기도 수원시청),2,60,,,,2019,경기도남부경찰청,031-888-3952,2023-08-01
G3235,경기도,수원시,시도,,호매실로,1,경기도 수원시 장안구 수성로 337,경기도 수원시 권선구 호매실동 1417,37.29278659,127.0085554,능실초교사거리 어린이보호구역(호매실동행정복지센터->권선구청,2,50,,,,2019,경기도남부경찰청,031-888-3952,2023-08-01
G3236,경기도,수원시,시도,,매송고색로793번길,2,,경기도 수원시 권선구 고색동 166-23,37.25356539,126.9909564,평동사거리(서둔동->기안동),2,50,,,,2019,경기도남부경찰청,031-888-3952,2023-08-01
G3237,경기도,수원시,시도,,수성로,1,경기도 수원시 장안구 수성로 337,경기도 수원시 장안구 정자동 16-2,37.2927855,127.008541,롯데슈퍼 앞(수성중학교->화서역),2,50,,,,2019,경기도남부경찰청,031-888-3952,2023-08-01
G3238,경기도,수원시,시도,,덕영대로,1,경기도 수원시 권선구 덕영대로 1153-1,경기도 수원시 팔달구 화서동 659,37.25095313,127.0171242,화서역삼거리(성균관대역->수원역),2,50,,,,2019,경기도남부경찰청,031-888-3952,2023-08-01
G3241,경기도,수원시,시도,,법조로,2,,경기도 수원시 영통구 하동 991,37.28974378,127.0675535,수원지방검찰청 앞(상현동->수원컨벤션센터),2,50,,,,2019,경기도남부경찰청,031-888-3952,2023-08-01
G3709,경기도,수원시,시도,,덕영대로,2,,경기도 수원시 권선구 세류동 1217,37.25095113,127.0171233,세류고가차도 위(영통->수원역),2,50,,,,2020,경기도남부경찰청,031-888-3952,2023-08-01
G3710,경기도,수원시,일반국도,25번,매산로,1,,경기도 수원시 팔달구 교동 213,37.27140566,127.0137506,여성회관삼거리(수원역->교동사거리),2,50,,,,2020,경기도남부경찰청,031-888-3952,2023-08-01
G3711,경기도,수원시,시도,,장안로,2,,경기도 수원시 장안구 정자동 61-15,37.29731957,126.9978067,만석공원사거리(정자초교->화서문),2,60,,,,2020,경기도남부경찰청,031-888-3952,2023-08-01
G4602,경기도,수원시,시도,,권선로,2,,경기도 수원시 권선구 호매실동 1386-2,37.2619067,126.9542499,호매실지하차도 지나 100m지점(수원역->호매실IC),1,60,,,,2020,경기도남부경찰청,031-888-3952,2023-08-01
G4603,경기도,수원시,시도,,권선로,2,,경기도 수원시 권선구 호매실동 1387,37.26145692,126.953296,호매실지하차도 전 150m지점(호매실IC->수원역),1,60,,,,2020,경기도남부경찰청,031-888-3952,2023-08-01
G4620,경기도,수원시,시도,,서부로,2,,경기도 수원시 권선구 고색동 433-3,37.24522694,126.9781344,산업단지사거리(권선구청->오산),2,60,,,,2020,경기도남부경찰청,031-888-3952,2023-08-01
G4621,경기도,수원시,시도,,금곡로,2,,경기도 수원시 권선구 금곡동 803-12,37.27515436,126.9565076,홈플러스 서수원점 앞 사거리(화서역->칠보고교),2,50,,,,2020,경기도남부경찰청,031-888-3952,2023-08-01
G4622,경기도,수원시,시도,,수성로,1,경기도 수원시 장안구 정조로 962,경기도 수원시 장안구 영화동 300-13,37.29318468,127.0113364,수성중사거리(화서역->경기남부보훈지청),2,60,,,,2020,경기도남부경찰청,031-888-3952,2023-08-01
G4660,경기도,수원시,시도,,매송고색로793번길,1,,경기도 수원시 권선구 고색동 14-100,37.25790807,126.9903357,도이치오토월드 앞 삼거리(고색동→서둔동),2,50,,,,2020,경기도남부경찰청,031-888-3952,2023-08-01
G7643,경기도,수원시,시도,,월드컵로,1,,경기도 수원시 영통구 원천동 625-2,37.27260451,127.0615274,광교더샵 201동 앞 어린이보호구역(매원초)(아주대병원→광,2,30,,,,2021,경기도남부경찰청,031-888-3952,2023-08-01
G7644,경기도,수원시,일반국도,43번,봉영로,1,,경기도 수원시 영통구 영통동 1047-2,37.2563144,127.076393,느티나무사거리(영통역→청명역),2,50,,,,2021,경기도남부경찰청,031-888-3952,2023-08-01
G7645,경기도,수원시,시도,,덕영대로1555번길,2,,경기도 수원시 영통구 영통동 972-5,37.24890792,127.0614363,진아유치원 앞 어린이보호구역(신영초교)(한국지역난방공사→망,2,30,,,,2021,경기도남부경찰청,031-888-3952,2023-08-01
G7646,경기도,수원시,시도,,송원로,2,,경기도 수원시 장안구 조원동 681-68,37.306395,127.0136873,주안말사거리(조원TG→장안구청),2,50,,,,2021,경기도남부경찰청,031-888-3952,2023-08-01
G7647,경기도,수원시,시도,,만석로,1,,경기도 수원시 장안구 정자동 302-16,37.30021337,126.9961547,정자초교사거리 어린이보호구역(동남보건대학교→만석공원),2,30,,,,2021,경기도남부경찰청,031-888-3952,2023-08-01
G7648,경기도,수원시,일반국도,1번,경수대로,2,경기도 수원시 장안구 경수대로 971,경기도 수원시 장안구 송죽동 495,37.30412591,127.004532,대동우물사거리(파장동→수원종합운동장),2,50,,,,2021,경기도남부경찰청,031-888-3952,2023-08-01
G8028,경기도,수원시,시도,,화양로,2,경기도 수원시 팔달구 화양로 56,경기도 수원시 팔달구 화서동 273-5,37.282929,126.9963302,화양초교삼거리 어린이보호구역(KT&G수원지사→화서오거리),2,30,,,,2021,경기도남부경찰청,031-888-3952,2023-08-01
G8029,경기도,수원시,시도,,인계로,1,경기도 수원시 영통구 인계로 240,경기도 수원시 영통구 매탄동 883,37.26448003,127.0435831,매탄초등학교 앞 어린이보호구역(KBS수원센터→삼성전기),2,30,,,,2021,경기도남부경찰청,031-888-3952,2023-08-01
G8030,경기도,수원시,시도,,여기산로,2,경기도 수원시 권선구 여기산로 24,경기도 수원시 권선구 서둔동 260-99,37.2796703,126.9787488,구운초교 앞 삼거리 어린이보호구역(삼환아파트→웃거리사거리,2,30,,,,2021,경기도남부경찰청,031-888-3952,2023-08-01
G8031,경기도,수원시,시도,,금곡로140번길,1,,경기도 수원시 권선구 금곡동 1159,37.27257254,126.945415,중촌초교 앞 어린이보호구역(극동스타클래스아파트→칠보고교),2,30,,,,2021,경기도남부경찰청,031-888-3952,2023-08-01
G8648,경기도,수원시,일반국도,43번,창룡대로,1,,경기도 수원시 장안구 연무동 산 17-10,37.2920676,127.029602,퉁소바위사거리(창룡문사거리→경기남부경찰청),2,50,,,,2021,경기도남부경찰청,031-888-3952,2023-08-01
G8673,경기도,수원시,일반국도,42번,덕영대로,2,,경기도 수원시 권선구 권선동 1266,37.247921,127.027888,권선아이파크9단지 901동 앞 어린이보호구역(선일초교)(경희,2,50,,,,2021,경기도남부경찰청,031-888-3952,2023-08-01
G8674,경기도,수원시,시도,,서호동로,1,경기도 수원시 권선구 서호동로 14,경기도 수원시 권선구 서둔동 45-45,37.26805438,126.989977,서진프라자원 앞 어린이보호구역(서호초교)(농대교→수원역),2,30,,,,2021,경기도남부경찰청,031-888-3952,2023-08-01
G8792,경기도,수원시,일반국도,1번,경수대로,2,경기도 수원시 권선구 세권로 158,,37.256178,127.0217709,세권사거리(경기도 수원시청→오산),2,50,,,,2021,경기도남부경찰청,031-888-3952,2023-08-01
G8793,경기도,수원시,일반국도,42번,덕영대로,1,경기도 수원시 권선구 덕영대로 1126,경기도 수원시 권선구 세류동 1126,37.25188382,127.014389,세류고가 위 횡단보도(수원역→경희대학교),2,50,,,,2021,경기도남부경찰청,031-888-3952,2023-08-01
G8794,경기도,수원시,시도,,삼성로,2,,경기도 수원시 영통구 원천동 248-2,37.264535,127.0614602,큰우물사거리(영덕동→망포동),2,50,,,,2021,경기도남부경찰청,031-888-3952,2023-08-01
H0688,경기도,수원시,시도,,창룡대로103번길,1,경기도 수원시 팔달구 창룡대로103번길 60,경기도 수원시 팔달구 매향동 7-1,37.28730746,127.0219242,연무초교 앞 (삼일상고 → 창룡문),1,30,,,,2021,경기도남부경찰청,031-888-3952,2023-08-01
H1375,경기도,수원시,시도,,향교로,1,경기도 수원시 팔달구 향교로 93,경기도 수원시 팔달구 매산로3가 15,37.27214613,127.0107555,매산초교 앞 어린이보호구역(수원세무서 → 팔달문),1,30,,,,2021,경기도남부경찰청,031-888-3952,2023-08-01
H1394,경기도,수원시,시도,,삼성로,1,,경기도 수원시 영통구 매탄동 436-72,37.25763221,127.0564999,SDS삼거리 (신동사거리 → 삼성삼거리),2,50,,,,2021,경기도남부경찰청,031-888-3952,2023-08-01
H1652,경기도,수원시,시도,,수성로258,1,,경기도 수원시 장안구 영화동 369-2,37.2873498,127.0044442,화홍초등학교 앞 어린이보호구역(정자시장→화서문),1,30,,,,2022,경기도남부경찰청,031-888-3952,2023-08-01
H1779,경기도,수원시,시도,,이목로,1,,경기도 수원시 장안구 정자동 588-16,37.310264,126.98378,정자동주교좌성당 앞(노송지구대→율목교),2,50,,,,2022,경기도남부경찰청,031-888-3952,2023-08-01
H1780,경기도,수원시,일반국도,43번,창룡대로,1,,경기도 수원시 장안구 연무동 산 14-2,37.293245,127.033932,경기남부경찰청사거리 장애인보호구역(동수원IC→창룡문사거리,2,50,,,,2022,경기도남부경찰청,031-888-3952,2023-08-01
H1781,경기도,수원시,시도,,서부로,1,,경기도 수원시 장안구 율전동 468,37.292849,126.969842,율전삼성1단지아파트 입구(성대역→서수원터미널),2,50,,,,2022,경기도남부경찰청,031-888-3952,2023-08-01
H1782,경기도,수원시,시도,,효원로94번길,1,,경기도 수원시 권선구 세류동 97-18,37.265264,127.011536,수성교회 앞 어린이보호구역(세류초교)(매교동→윗버드내사거리,2,30,,,,2022,경기도남부경찰청,031-888-3952,2023-08-01
H2196,경기도,수원시,시도,,탑동로,2,,경기도 수원시 권선구 탑동 766-6,37.273372,126.974337,탑동초교 앞 사거리 어린이보호구역(탑동중앙사거리→하구운사거리,1,30,,,,2022,경기도남부경찰청,031-888-3952,2023-08-01
H2197,경기도,수원시,시도,,세지로,2,,경기도 수원시 팔달구 지동 123-109,37.277393,127.023931,지동초교 앞 교차로 어린이보호구역(지동사거리→못골중앙사거,1,30,,,,2022,경기도남부경찰청,031-888-3952,2023-08-01
H3642,경기도,수원시,시도,,율전로,1,경기도 수원시 장안구 율전로 113,,37.299204,126.969224,율전초교 어린이보호구역(율전지하차도→입북동),1,30,,,,2022,경기도남부경찰청,031-888-3952,2023-08-01
H3643,경기도,수원시,시도,,이목로,1,경기도 수원시 장안구 이목로 24-35,,37.308061,126.987306,다솔초교 앞 어린이보호구역(파장동→장안힐스테이트아파트),1,30,,,,2022,경기도남부경찰청,031-888-3952,2023-08-01
H4152,경기도,수원시,시도,,고현로,1,경기도 수원시 권선구 고현로 12,,37.248908,126.987473,고현초교 앞 단일로 어린이보호구역(고색파출소→중보들공원),1,30,,,,2022,경기도남부경찰청,031-888-3952,2023-08-01
H4153,경기도,수원시,시도,,영통로514번길,1,경기도 수원시 영통구 영통로518,,37.264745,127.07792,황곡초교삼거리 앞 어린이보호구역(황골사거리→ 청명센트럴빌아,2,30,,,,2022,경기도남부경찰청,031-888-3952,2023-08-01
H4154,경기도,수원시,시도,,당진로,2,경기도 수원시 권선구 당진로 6,,37.290293,126.94028,당수초교 앞 사거리 어린이보호구역(당수IC→당수초교),1,30,,,,2022,경기도남부경찰청,031-888-3952,2023-08-01
H4155,경기도,수원시,시도,,동탄원천로2,2,,경기도 수원시 권선구 권선동 1325,37.246534,127.039018,써미트빌아파트 212동 앞 어린이보호구역(곡반초교)(동탄→영통구청),2,30,,,,2022,경기도남부경찰청,031-888-3952,2023-08-01
H4161,경기도,수원시,시도,,만석로,1,경기도 수원시 장안구 대평로 111,,37.298475,126.991067,대평초교사거리 어린이보호구역(만석공원→동남보건대학교),2,30,,,,2022,경기도남부경찰청,031-888-3952,2023-08-01
H4506,경기도,수원시,시도,,일월천로16번길,2,,경기도 수원시 권선구 구운동 891,37.283631,126.975128,일월초교 정문 앞 어린이보호구역(서경기도 수원시외버스터미널→일월1공원),2,30,,,,2022,경기도남부경찰청,031-888-3952,2023-08-01
H4507,경기도,수원시,시도,,매곡로,2,,경기도 수원시 권선구 금곡동 1144,37.27049,126.953813,일신건영아파트 앞 어린이보호구역(칠보초교)(호매실동쌍용아파트→어울림공원),2,30,,,,2022,경기도남부경찰청,031-888-3952,2023-08-01
H4508,경기도,수원시,시도,,서수원로,1,,경기도 수원시 권선구 금곡동 522-1,37.274787,126.934882,LG빌리지4단지 401동 앞 어린이보호구역(상촌초교)(가온초교→상촌초교),1,30,,,,2022,경기도남부경찰청,031-888-3952,2023-08-01
H5163,경기도,수원시,시도,,수원북부순환로,2,,경기도 수원시 영통구 이의동 701-4,37.3041667,127.0432913,광교IC 500m 전(북수원→용인),2,80,,,,2022,경기도남부경찰청,031-888-3952,2023-08-01
H5164,경기도,수원시,시도,,수원북부순환로,1,,경기도 수원시 영통구 이의동 산 13-99,37.2995501,127.0569461,이의터널 입구(용인→북수원),2,80,,,,2022,경기도남부경찰청,031-888-3952,2023-08-01
H5165,경기도,수원시,시도,,수원북부순환로,1,,경기도 수원시 장안구 하광교동 198,37.3133939,127.0214892,조원IC 전 200m 지점(광교→북수원),2,80,,,,2022,경기도남부경찰청,031-888-3952,2023-08-01
H5180,경기도,수원시,시도,,수원북부순환로,2,,경기도 수원시 장안구 하광교동 249-3,37.3138771,127.0269849,신광교터널 입구(북수원→광교),2,80,,,,2022,경기도남부경찰청,031-888-3952,2023-08-01
H3163,경기도,수원시,일반국도,43번,창룡대로,2,,경기도 수원시 장안구 연무동 260-44,37.2916165,127.0273393,평생학습관 사거리(동수원IC→창룡문사거리),2,50,,,,2022,경기도남부경찰청,031-888-3952,2023-08-01
H7377,경기도,수원시,시도,,광교로,1,,경기도 수원시 영통구 이의동 470,37.3016427,127.0510026,광교IC진입로(수지→광교),2,50,,,,2022,경기도남부경찰청,031-888-3952,2023-08-01
H6733,경기도,수원시,시도,,태평로52번길,2,,경기도 수원시 장안구 정자동 906,37.2937669,126.9960318,명인초교 정문 어린이보호구역(두견마을3단지→장안고사거리),1,30,,,,2022,경기도남부경찰청,031-888-3952,2023-08-01
H6734,경기도,수원시,시도,,정자천로,2,,경기도 수원시 장안구 정자동 899,37.2911533,126.990459,송림초등학교 어린이보호구역(한마루사거리→고양삼거리),2,30,,,,2022,경기도남부경찰청,031-888-3952,2023-08-01
H6735,경기도,수원시,시도,,대평로,2,,경기도 수원시 장안구 정자동 893,37.2954181,126.990252,동신초사거리 어린이보호구역(동신초교)(대평고등학교→중부경찰서),2,30,,,,2022,경기도남부경찰청,031-888-3952,2023-08-01
H6736,경기도,수원시,시도,,대평로,1,,경기도 수원시 장안구 정자동 892,37.2952486,126.992993,대평초교 사거리 어린이보호구역(다솔초교→두견사거리),2,30,,,,2022,경기도남부경찰청,031-888-3952,2023-08-01
H6737,경기도,수원시,시도,,정자로19번길,2,,경기도 수원시 장안구 천천동 570-2,37.3001348,126.9785485,천일초교 사거리 어린이보호구역(샘터삼거리→천천중학교),2,30,,,,2022,경기도남부경찰청,031-888-3952,2023-08-01
H6738,경기도,수원시,시도,,율전로,1,,경기도 수원시 장안구 율전동 497,37.2995732,126.9694808,율전초교 정문 어린이보호구역(이안아파트→성균관대역),1,30,,,,2022,경기도남부경찰청,031-888-3952,2023-08-01
H6739,경기도,수원시,시도,,금당로,2,,경기도 수원시 장안구 조원동 791,37.3013654,127.0174636,조원초교 정문 앞 어린이보호구역(중부경찰서어린이집→수성초교),1,30,,,,2022,경기도남부경찰청,031-888-3952,2023-08-01
H6934,경기도,수원시,시도,,덕영대로697번길2,2,,경기도 수원시 팔달구 화서동 666,37.2853297,126.9926908,화서주공4단지입구 어린이보호구역(숙지초교)(화서역→고양골사거리),2,30,,,,2022,경기도남부경찰청,031-888-3952,2023-08-01
H6976,경기도,수원시,일반국도,42번,중부대로,2,,경기도 수원시 영통구 원천동 147-3,37.2713588,127.0581908,한샘삼거리(원천교사거리→관터사거리),2,50,,,,2022,경기도남부경찰청,031-888-3952,2023-08-01
H6977,경기도,수원시,시도,,광교호수공원로,2,,경기도 수원시 영통구 원천동 589-1,37.2781532,127.0668599,광교호수초교 어린이보호구역(수원남부서→광교중앙역),2,30,,,,2022,경기도남부경찰청,031-888-3952,2023-08-01
H6978,경기도,수원시,시도,,수일로,1,경기도 수원시 장안구 수일로 185,,37.3082905,127.0101539,송원초교 어린이보호구역(경기과학고→주안말사거리),2,30,,,,2022,경기도남부경찰청,031-888-3952,2023-08-01
H6979,경기도,수원시,시도,,정자천로32번길,2,경기도 수원시 팔달구 정자천로32번길 55,,37.2870334,126.9831859,율현초교 어린이보호구역(율현초교삼거리→정천중삼거리),2,30,,,,2022,경기도남부경찰청,031-888-3952,2023-08-01
H6980,경기도,수원시,시도,,천천로21번길,2,경기도 수원시 장안구 천천로21번길 11,,37.2935542,126.9868257,효천초교 어린이보호구역(효천초교사거리→비단마을사거리),2,30,,,,2022,경기도남부경찰청,031-888-3952,2023-08-01
H8008,경기도,수원시,시도,,동탄원천로,1,,경기도 수원시 권선구 곡반정동 624,37.239004,127.036406,수원하늘채 225동 맞은편 (동탄 → 권선지하차도),2,60,,,,2023,경기도남부경찰청,031-888-3952,2023-08-01
H8029,경기도,수원시,일반국도,43번,창룡대로,2,,경기도 수원시 영통구 이의동 1241-6,37.29543,127.04894,광교사거리 (광교상현IC → 경기대후문사거리),2,60,,,,2023,경기도남부경찰청,031-888-3952,2023-08-01
H8081,경기도,수원시,시도,,매송고색로,2,,경기도 수원시 권선구 고색동 384-8,37.250805,126.980506,고색초등학교 앞 (작은말사거리 → 고색사거리),2,30,,,,2023,경기도남부경찰청,031-888-3952,2023-08-01
H8082,경기도,수원시,시도,,권광로27번길,1,,경기도 수원시 권선구 권선동 1199,37.251095,127.024767,곡선초등학교 (세류문화길삼거리 → 곡선초교사거리),1,30,,,,2023,경기도남부경찰청,031-888-3952,2023-08-01
H8083,경기도,수원시,시도,,세권로,2,,경기도 수원시 권선구 권선동 1283-13,37.251794,127.038285,명당초등학교 (화홍고등학교 → 온수골삼거리),2,30,,,,2023,경기도남부경찰청,031-888-3952,2023-08-01
H8084,경기도,수원시,시도,,산남로,2,,경기도 수원시 영통구 매탄동 111-164,37.270423,127.049329,산남초교정문 (KT매탄빌딩 → 매탄4동행정복지센터),1,30,,,,2023,경기도남부경찰청,031-888-3952,2023-08-01
H8085,경기도,수원시,시도,,영통로,1,,경기도 수원시 영통구 영통동 1057-1,37.264614,127.077732,황곡초교삼거리 (청명중학교 → 중부대로),2,30,,,,2023,경기도남부경찰청,031-888-3952,2023-08-01
H8086,경기도,수원시,시도,,봉영로1744번길,2,,경기도 수원시 영통구 영통동 1091,37.264608,127.084541,청명초교 정문 앞 (천주교영통영덕성당 → 황골사거리),2,30,,,,2023,경기도남부경찰청,031-888-3952,2023-08-01
H8087,경기도,수원시,시도,,덕영대로 1673번길,2,,경기도 수원시 영통구 영통동 988-4,37.248275,127.074181,영일초등학교 (수원출입국 → 덕영대로),1,30,,,,2023,경기도남부경찰청,031-888-3952,2023-08-01
